Name,Jersey Number,Club,Position,Nationality,Age,Appearances,Wins,Losses,Goals,Yellow cards,Red cards,Fouls
Bernd Leno,1,Arsenal,Goalkeeper,Germany,28,64,28,16,0,2,0,0
Matt Macey,33,Arsenal,Goalkeeper,England,26,0,0,0,0,0,0,0
RÃºnar Alex RÃºnarsson,13,Arsenal,Goalkeeper,Iceland,25,0,0,0,0,0,0,0
HÃ©ctor BellerÃ­n,2,Arsenal,Defender,Spain,25,160,90,37,7,23,0,125
Kieran Tierney,3,Arsenal,Defender,Scotland,23,16,7,5,1,2,0,9
William Saliba,4,Arsenal,Defender,France,19,0,0,0,0,0,0,0
Sokratis,5,Arsenal,Defender,Greece,32,44,21,11,3,18,0,56
Rob Holding,16,Arsenal,Defender,England,25,41,25,9,0,8,0,32
Shkodran Mustafi,20,Arsenal,Defender,Germany,28,99,52,26,7,28,0,117
Calum Chambers,21,Arsenal,Defender,England,25,139,47,57,6,28,1,137
David Luiz,23,Arsenal,Defender,Brazil,33,194,113,38,13,40,3,212
Sead Kolasinac,31,Arsenal,Defender,Bosnia And Herzegovina,27,78,40,22,2,12,0,74
Gabriel MagalhÃ£es,6,Arsenal,Defender,Brazil,22,2,2,0,1,0,0,3
Mesut Ã–zil,10,Arsenal,Midfielder,Germany,31,184,100,39,33,13,0,95
Lucas Torreira,11,Arsenal,Midfielder,Uruguay,24,63,28,15,3,14,1,62
Ainsley Maitland-Niles,15,Arsenal,Midfielder,England,23,54,26,16,1,6,2,35
Mohamed Elneny,25,Arsenal,Midfielder,Egypt,28,47,29,10,0,7,1,24
Joseph Willock,28,Arsenal,Midfielder,England,21,33,12,12,1,2,0,13
Matteo Guendouzi,29,Arsenal,Midfielder,France,21,57,24,17,0,15,0,41
Emile Smith Rowe,32,Arsenal,Midfielder,England,20,2,0,1,0,0,0,0
Granit Xhaka,34,Arsenal,Midfielder,Switzerland,27,132,70,33,8,35,2,196
Bukayo Saka,7,Arsenal,Midfielder,England,19,28,11,7,1,6,0,22
Dani Ceballos,8,Arsenal,Midfielder,Spain,24,26,14,6,0,1,0,21
Alexandre Lacazette,9,Arsenal,Forward,France,29,99,46,28,39,11,0,127
Pierre-Emerick Aubameyang,14,Arsenal,Forward,Gabon,31,87,43,25,55,4,1,30
Nicolas PÃ©pÃ©,19,Arsenal,Forward,Cote D'Ivoire,25,33,15,9,5,4,0,14
Reiss Nelson,24,Arsenal,Forward,England,20,20,10,5,1,1,0,8
Eddie Nketiah,30,Arsenal,Forward,England,21,23,12,8,4,0,1,18
Gabriel Martinelli,35,Arsenal,Forward,Brazil,19,14,3,3,3,1,0,9
Willian,12,Arsenal,Forward,Brazil,32,236,137,47,37,21,1,131
Tom Heaton,1,Aston-Villa,Goalkeeper,England,34,116,34,55,0,5,0,2
Jed Steer,12,Aston-Villa,Goalkeeper,England,28,2,0,2,0,0,0,0
Ã˜rjan Nyland,25,Aston-Villa,Goalkeeper,Norway,30,7,1,4,0,0,0,0
Lovre Kalinic,28,Aston-Villa,Goalkeeper,Croatia,30,0,0,0,0,0,0,0
Emiliano MartÃ­nez,26,Aston-Villa,Goalkeeper,Argentina,28,16,9,6,0,2,0,1
Neil Taylor,3,Aston-Villa,Defender,Wales,31,145,48,62,0,21,0,121
Ezri Konsa Ngoyo,4,Aston-Villa,Defender,England,22,26,8,12,2,3,0,17
Matt Targett,18,Aston-Villa,Defender,England,25,72,24,28,2,8,0,41
BjÃ¶rn Engels,22,Aston-Villa,Defender,Belgium,26,17,3,12,1,1,0,5
FrÃ©dÃ©ric Guilbert,24,Aston-Villa,Defender,France,25,25,7,13,0,7,0,36
Ahmed El Mohamady,27,Aston-Villa,Defender,Egypt,33,183,48,91,6,12,1,152
Kortney Hause,30,Aston-Villa,Defender,England,25,18,3,11,1,3,0,24
Tyrone Mings,5,Aston-Villa,Defender,England,27,51,13,27,2,8,0,30
Matthew Cash,2,Aston-Villa,Defender,England,23,1,1,0,0,1,0,0
Douglas Luiz,6,Aston-Villa,Midfielder,Brazil,22,37,10,20,3,8,0,51
John McGinn,7,Aston-Villa,Midfielder,Scotland,25,29,7,15,3,4,0,38
Henri Lansbury,8,Aston-Villa,Midfielder,England,29,13,4,8,0,1,0,5
Jack Grealish,10,Aston-Villa,Midfielder,England,25,71,17,42,9,9,0,47
Marvelous Nakamba,19,Aston-Villa,Midfielder,Zimbabwe,26,29,7,16,0,5,0,26
Conor Hourihane,14,Aston-Villa,Midfielder,Ireland,29,28,8,13,3,4,0,15
TrÃ©zÃ©guet,17,Aston-Villa,Midfielder,Egypt,25,35,9,19,6,2,1,39
Anwar El Ghazi,21,Aston-Villa,Midfielder,Netherlands,25,34,7,19,4,3,0,20
Jota,23,Aston-Villa,Midfielder,Spain,29,10,2,7,0,0,0,6
Jacob Ramsey,41,Aston-Villa,Midfielder,England,19,0,0,0,0,0,0,0
Wesley,9,Aston-Villa,Forward,Brazil,23,21,6,12,5,3,0,43
Keinan Davis,39,Aston-Villa,Forward,England,22,19,4,9,0,0,0,12
Ollie Watkins,11,Aston-Villa,Forward,England,24,1,1,0,0,0,0,2
Bertrand TraorÃ©,,Aston-Villa,Forward,Burkina Faso,25,10,2,4,2,0,0,3
Mat Ryan,1,Brighton-and-Hove-Albion,Goalkeeper,Australia,28,112,27,50,0,2,0,2
Jason Steele,23,Brighton-and-Hove-Albion,Goalkeeper,England,30,0,0,0,0,0,0,0
Christian Walton,31,Brighton-and-Hove-Albion,Goalkeeper,England,24,0,0,0,0,0,0,0
Robert SÃ¡nchez,26,Brighton-and-Hove-Albion,Goalkeeper,Spain,22,0,0,0,0,0,0,0
Ben White,3,Brighton-and-Hove-Albion,Defender,England,22,2,1,1,0,0,0,2
Tariq Lamptey,2,Brighton-and-Hove-Albion,Defender,England,19,11,4,4,0,3,0,16
Lewis Dunk,5,Brighton-and-Hove-Albion,Defender,England,28,112,28,49,6,21,1,80
Adam Webster,4,Brighton-and-Hove-Albion,Defender,England,25,33,8,13,3,4,0,14
Bernardo,30,Brighton-and-Hove-Albion,Defender,Brazil,25,36,9,16,0,5,0,20
Dan Burn,33,Brighton-and-Hove-Albion,Defender,England,28,44,11,19,0,5,0,38
JoÃ«l Veltman,34,Brighton-and-Hove-Albion,Defender,Netherlands,28,0,0,0,0,0,0,0
Romaric Yapi,52,Brighton-and-Hove-Albion,Defender,France,20,0,0,0,0,0,0,0
Alex Cochrane,50,Brighton-and-Hove-Albion,Defender,England,20,0,0,0,0,0,0,0
Haydon Roberts,58,Brighton-and-Hove-Albion,Defender,England,18,0,0,0,0,0,0,0
Dale Stephens,6,Brighton-and-Hove-Albion,Midfielder,England,31,99,24,45,1,20,1,136
Yves Bissouma,8,Brighton-and-Hove-Albion,Midfielder,Mali,24,52,13,26,1,9,1,74
Alexis Mac Allister,10,Brighton-and-Hove-Albion,Midfielder,Argentina,21,9,3,2,0,0,0,4
Pascal GroÃŸ,13,Brighton-and-Hove-Albion,Midfielder,Germany,29,93,20,42,12,7,0,67
Adam Lallana,14,Brighton-and-Hove-Albion,Midfielder,England,32,198,98,50,30,17,0,142
Solly March,20,Brighton-and-Hove-Albion,Midfielder,England,26,92,21,42,2,6,0,70
Davy PrÃ¶pper,24,Brighton-and-Hove-Albion,Midfielder,Netherlands,29,100,24,44,2,8,1,105
Steven Alzate,17,Brighton-and-Hove-Albion,Midfielder,Colombia,22,21,6,9,0,1,0,21
Max Sanders,41,Brighton-and-Hove-Albion,Midfielder,England,21,0,0,0,0,0,0,0
Jayson Molumby,49,Brighton-and-Hove-Albion,Midfielder,Ireland,21,0,0,0,0,0,0,0
Lars Dendoncker,53,Brighton-and-Hove-Albion,Midfielder,Belgium,19,0,0,0,0,0,0,0
Peter Gwargis,55,Brighton-and-Hove-Albion,Midfielder,Sweden,20,0,0,0,0,0,0,0
Leandro Trossard,11,Brighton-and-Hove-Albion,Forward,Belgium,25,33,7,14,6,0,0,17
Neal Maupay,9,Brighton-and-Hove-Albion,Forward,France,24,39,10,16,12,3,0,38
Alireza Jahanbakhsh,16,Brighton-and-Hove-Albion,Forward,Iran,27,31,8,16,2,2,0,21
JosÃ© Izquierdo,19,Brighton-and-Hove-Albion,Forward,Colombia,28,47,13,19,5,3,0,26
Aaron Connolly,7,Brighton-and-Hove-Albion,Forward,Ireland,20,26,8,12,4,0,0,17
Florin Andone,21,Brighton-and-Hove-Albion,Forward,Romania,27,26,5,14,4,5,1,30
Viktor GyÃ¶keres,42,Brighton-and-Hove-Albion,Forward,Sweden,22,0,0,0,0,0,0,0
Nick Pope,1,Burnley,Goalkeeper,England,28,74,28,26,0,4,0,1
Bailey Peacock-Farrell,15,Burnley,Goalkeeper,Northern Ireland,23,0,0,0,0,0,0,0
Will Norris,25,Burnley,Goalkeeper,England,27,1,1,0,0,0,0,0
Matthew Lowton,2,Burnley,Defender,England,31,172,49,83,2,35,0,144
Charlie Taylor,3,Burnley,Defender,England,27,74,23,33,0,8,0,39
James Tarkowski,5,Burnley,Defender,England,27,123,48,50,5,24,0,119
Ben Mee,6,Burnley,Defender,England,31,166,49,77,4,36,0,118
Erik Pieters,23,Burnley,Defender,Netherlands,32,194,61,79,1,34,0,300
Phil Bardsley,26,Burnley,Defender,Scotland,35,300,100,130,7,78,2,327
Kevin Long,28,Burnley,Defender,Ireland,30,35,8,14,1,1,0,28
Jimmy Dunne,34,Burnley,Defender,Ireland,22,1,0,1,1,0,0,1
Bobby Thomas,37,Burnley,Defender,England,19,0,0,0,0,0,0,0
Anthony Driscoll-Glennon,45,Burnley,Defender,England,20,0,0,0,0,0,0,0
Jack Cork,4,Burnley,Midfielder,England,31,264,96,105,8,32,0,211
JÃ³hann Gudmundsson,7,Burnley,Midfielder,Iceland,29,96,28,44,7,5,0,41
Josh Brownhill,8,Burnley,Midfielder,England,24,11,5,3,0,2,0,8
Dwight McNeil,11,Burnley,Midfielder,England,20,61,23,25,5,7,0,45
Robbie Brady,12,Burnley,Midfielder,Ireland,28,142,37,77,9,15,1,117
Ashley Westwood,18,Burnley,Midfielder,England,30,222,65,106,9,38,0,195
Josh Benson,41,Burnley,Midfielder,England,20,0,0,0,0,0,0,0
Chris Wood,9,Burnley,Forward,New Zealand,28,105,35,43,36,4,0,84
Ashley Barnes,10,Burnley,Forward,England,30,155,45,71,38,32,2,269
Jay Rodriguez,19,Burnley,Forward,England,31,178,53,71,41,11,0,156
Matej Vydra,27,Burnley,Forward,Czech Republic,28,57,11,30,6,1,0,9
Kepa Arrizabalaga,1,Chelsea,Goalkeeper,Spain,25,71,39,20,0,2,0,0
Willy Caballero,13,Chelsea,Goalkeeper,Argentina,38,33,19,5,0,0,0,0
Antonio RÃ¼diger,2,Chelsea,Defender,Germany,27,80,45,21,5,14,0,73
Marcos Alonso,3,Chelsea,Defender,Spain,29,140,87,32,20,25,1,125
Andreas Christensen,4,Chelsea,Defender,Denmark,24,59,29,18,0,6,1,35
Kurt Zouma,15,Chelsea,Defender,France,25,143,60,49,5,10,1,87
Reece James,24,Chelsea,Defender,England,20,26,15,8,1,1,0,24
CÃ©sar Azpilicueta,28,Chelsea,Defender,Spain,31,272,158,56,8,23,1,240
Fikayo Tomori,14,Chelsea,Defender,England,22,17,9,5,1,3,0,8
Emerson,33,Chelsea,Defender,Italy,26,30,11,14,0,3,0,15
Ben Chilwell,21,Chelsea,Defender,England,23,99,40,36,4,10,1,81
Thiago Silva,6,Chelsea,Defender,Brazil,36,0,0,0,0,0,0,0
Juan Castillo,,Chelsea,Defender,Netherlands,20,0,0,0,0,0,0,0
Hakim Ziyech,22,Chelsea,Midfielder,Morocco,27,0,0,0,0,0,0,0
Jorginho,5,Chelsea,Midfielder,Italy,28,70,37,18,7,18,0,63
N'Golo KantÃ©,7,Chelsea,Midfielder,France,29,166,98,35,10,22,0,218
Ross Barkley,8,Chelsea,Midfielder,England,26,202,91,59,25,18,0,155
Ruben Loftus-Cheek,12,Chelsea,Midfielder,England,24,78,35,22,9,1,0,39
Mateo Kovacic,17,Chelsea,Midfielder,Croatia,26,64,34,16,1,11,0,40
Mason Mount,19,Chelsea,Midfielder,England,21,39,20,13,7,3,0,40
Christian Pulisic,10,Chelsea,Midfielder,United States,22,25,13,9,9,0,0,14
Billy Gilmour,23,Chelsea,Midfielder,Scotland,19,6,5,0,0,0,0,3
Kai Havertz,29,Chelsea,Midfielder,Germany,21,2,1,1,0,0,0,2
Timo Werner,11,Chelsea,Forward,Germany,24,2,1,1,0,0,0,3
Tammy Abraham,9,Chelsea,Forward,England,22,68,25,29,20,2,0,35
Olivier Giroud,18,Chelsea,Forward,France,33,238,133,56,86,18,2,223
Callum Hudson-Odoi,20,Chelsea,Forward,England,19,35,18,12,1,1,0,12
Wayne Hennessey,13,Crystal-Palace,Goalkeeper,Wales,33,181,47,94,0,4,0,1
Vicente Guaita,31,Crystal-Palace,Goalkeeper,Spain,33,57,23,21,0,3,0,1
Stephen Henderson,19,Crystal-Palace,Goalkeeper,Ireland,32,0,0,0,0,0,0,0
Nathan Ferguson,,Crystal-Palace,Defender,England,19,0,0,0,0,0,0,0
Joel Ward,2,Crystal-Palace,Defender,England,30,201,66,95,4,28,0,202
Patrick van Aanholt,3,Crystal-Palace,Defender,Netherlands,30,191,57,92,20,19,0,94
James Tomkins,5,Crystal-Palace,Defender,England,31,263,84,116,12,46,2,167
Scott Dann,6,Crystal-Palace,Defender,England,33,227,74,95,15,34,0,145
Mamadou Sakho,12,Crystal-Palace,Defender,France,30,125,52,43,3,6,1,39
Gary Cahill,24,Crystal-Palace,Defender,England,34,374,166,126,27,38,3,266
Martin Kelly,34,Crystal-Palace,Defender,England,30,153,55,62,0,14,0,117
Tyrick Mitchell,27,Crystal-Palace,Defender,England,21,6,2,3,0,1,0,2
Jaroslaw Jach,33,Crystal-Palace,Defender,Poland,26,0,0,0,0,0,0,0
Sam Woods,35,Crystal-Palace,Defender,England,22,0,0,0,0,0,0,0
Ryan Inniss,45,Crystal-Palace,Defender,England,25,0,0,0,0,0,0,0
Luka Milivojevic,4,Crystal-Palace,Midfielder,Serbia,29,121,41,53,27,34,0,207
Max Meyer,7,Crystal-Palace,Midfielder,Germany,25,46,11,24,1,4,0,16
Cheikhou KouyatÃ©,8,Crystal-Palace,Midfielder,Senegal,30,197,64,76,13,25,1,242
Andros Townsend,10,Crystal-Palace,Midfielder,England,29,211,78,91,22,14,0,78
Jeffrey Schlupp,15,Crystal-Palace,Midfielder,Ghana,27,148,56,61,11,15,0,109
James McArthur,18,Crystal-Palace,Midfielder,Scotland,32,282,93,126,23,45,0,370
James McCarthy,22,Crystal-Palace,Midfielder,Ireland,29,258,87,102,13,48,1,309
Jairo Riedewald,44,Crystal-Palace,Midfielder,Netherlands,24,29,8,13,0,0,0,6
Eberechi Eze,25,Crystal-Palace,Midfielder,England,22,2,2,0,0,0,0,0
Nya Kirby,37,Crystal-Palace,Midfielder,England,20,0,0,0,0,0,0,0
Jordan Ayew,9,Crystal-Palace,Forward,Ghana,29,139,37,71,25,18,2,222
Wilfried Zaha,11,Crystal-Palace,Forward,Cote D'Ivoire,27,217,70,94,39,33,1,287
Christian Benteke,17,Crystal-Palace,Forward,Belgium,29,225,73,107,72,35,3,357
Connor Wickham,21,Crystal-Palace,Forward,England,27,120,29,59,19,11,0,147
Brandon Pierrick,40,Crystal-Palace,Forward,England,18,2,0,1,0,0,0,0
Michy Batshuayi,23,Crystal-Palace,Forward,Belgium,26,60,37,15,13,0,0,24
Jordan Pickford,1,Everton,Goalkeeper,England,26,147,48,65,0,3,0,3
JoÃ£o VirgÃ­nia,31,Everton,Goalkeeper,Portugal,20,0,0,0,0,0,0,0
Jonas LÃ¶ssl,49,Everton,Goalkeeper,Denmark,31,69,12,41,0,2,0,0
Mason Holgate,4,Everton,Defender,England,23,65,28,16,0,11,0,43
Michael Keane,5,Everton,Defender,England,27,153,53,64,6,13,0,82
Lucas Digne,12,Everton,Defender,France,27,72,28,27,4,11,1,83
Yerry Mina,13,Everton,Defender,Colombia,26,44,17,16,3,6,0,33
SÃ©amus Coleman,23,Everton,Defender,Ireland,31,276,114,79,20,29,2,194
Jarrad Branthwaite,32,Everton,Defender,England,18,4,1,2,0,0,0,4
Jonjoe Kenny,2,Everton,Defender,England,23,31,11,15,0,3,0,28
Niels Nkounkou,18,Everton,Defender,France,19,0,0,0,0,0,0,0
Fabian Delph,8,Everton,Midfielder,England,30,185,76,73,7,29,3,140
Gylfi Sigurdsson,10,Everton,Midfielder,Iceland,31,284,114,110,61,20,0,193
AndrÃ© Gomes,21,Everton,Midfielder,Portugal,27,48,18,19,1,13,0,89
Jean-Philippe Gbamin,25,Everton,Midfielder,Cote D'Ivoire,24,2,1,0,0,0,0,2
Tom Davies,26,Everton,Midfielder,England,22,106,46,34,5,22,0,116
Beni Baningime,34,Everton,Midfielder,The Democratic Republic Of Congo,22,8,2,2,0,1,0,4
Allan,6,Everton,Midfielder,Brazil,29,2,2,0,0,0,0,4
James RodrÃ­guez,19,Everton,Midfielder,Colombia,29,2,2,0,1,0,0,1
Abdoulaye DoucourÃ©,16,Everton,Midfielder,France,27,131,40,65,17,31,0,145
Muhamed Besic,30,Everton,Midfielder,Bosnia And Herzegovina,28,46,14,17,0,11,0,42
Sandro RamÃ­rez,28,Everton,Forward,Spain,25,8,2,4,0,0,0,1
Yannick Bolasie,29,Everton,Forward,The Democratic Republic Of Congo,31,119,38,51,11,9,1,140
Richarlison,7,Everton,Forward,Brazil,23,111,41,47,31,17,1,114
Dominic Calvert-Lewin,9,Everton,Forward,England,23,116,43,46,28,17,0,138
Theo Walcott,11,Everton,Forward,England,31,346,176,93,75,10,0,101
Cenk Tosun,14,Everton,Forward,Turkey,29,49,14,19,10,3,0,50
Alex Iwobi,17,Everton,Forward,Nigeria,24,126,59,41,12,2,0,42
Bernard,20,Everton,Forward,Brazil,28,61,23,23,4,7,0,36
Moise Kean,27,Everton,Forward,Italy,20,31,9,13,2,1,0,28
Anthony Gordon,24,Everton,Forward,England,19,11,3,4,0,0,0,10
Marek RodÃ¡k,12,Fulham,Goalkeeper,Slovakia,23,1,0,1,0,0,0,0
Fabri,31,Fulham,Goalkeeper,Spain,32,2,0,2,0,0,0,0
Alphonse Areola,1,Fulham,Goalkeeper,France,27,1,0,1,0,0,0,0
Michael Hector,3,Fulham,Defender,Jamaica,28,2,0,2,0,1,0,3
Denis Odoi,4,Fulham,Defender,Belgium,32,33,7,21,0,4,0,39
Tim Ream,13,Fulham,Defender,United States,32,40,9,24,0,2,0,16
Maxime Le Marchand,20,Fulham,Defender,France,30,26,7,17,0,5,0,28
Joe Bryan,23,Fulham,Defender,England,27,30,6,21,0,5,0,27
Antonee Robinson,33,Fulham,Defender,United States,23,0,0,0,0,0,0,0
Kenny Tete,2,Fulham,Defender,Netherlands,24,1,0,1,0,1,0,3
Ola Aina,34,Fulham,Defender,Nigeria,23,3,3,0,0,0,0,0
Jean Michael Seri,24,Fulham,Midfielder,Cote D'Ivoire,29,32,6,21,1,6,0,32
Kevin McDonald,6,Fulham,Midfielder,Scotland,31,41,3,29,1,9,1,33
Neeskens Kebano,7,Fulham,Midfielder,The Democratic Republic Of Congo,28,9,0,9,0,0,0,3
Stefan Johansen,8,Fulham,Midfielder,Norway,29,12,1,9,0,4,0,6
Tom Cairney,10,Fulham,Midfielder,Scotland,29,43,7,28,2,2,0,22
Josh Onomah,25,Fulham,Midfielder,England,23,15,8,4,0,0,0,4
AndrÃ©-Frank Zambo Anguissa,29,Fulham,Midfielder,Cameroon,24,24,4,18,0,1,1,26
Mario Lemina,18,Fulham,Midfielder,Gabon,27,47,8,22,2,7,0,60
Harrison Reed,21,Fulham,Midfielder,England,25,19,9,5,0,0,0,8
Tyrese Francois,35,Fulham,Midfielder,Australia,20,0,0,0,0,0,0,0
Aleksandar Mitrovic,9,Fulham,Forward,Serbia,26,79,17,46,23,12,2,117
Bobby De Cordova-Reid,14,Fulham,Forward,Jamaica,27,29,7,19,6,0,0,6
Ivan Cavaleiro,17,Fulham,Forward,Portugal,26,25,10,11,3,1,0,15
Aboubakar Kamara,47,Fulham,Forward,France,25,15,2,10,3,2,0,26
Kiko Casilla,13,Leeds-United,Goalkeeper,Spain,33,0,0,0,0,0,0,0
Elia Caprile,25,Leeds-United,Goalkeeper,Italy,19,0,0,0,0,0,0,0
Luke Ayling,2,Leeds-United,Defender,England,29,2,1,1,0,0,0,1
Barry Douglas,3,Leeds-United,Defender,Scotland,31,0,0,0,0,0,0,0
Liam Cooper,6,Leeds-United,Defender,Scotland,29,3,1,2,0,0,0,1
Pascal Struijk,21,Leeds-United,Defender,Netherlands,21,1,0,1,0,0,0,0
Leif Davis,24,Leeds-United,Defender,England,20,0,0,0,0,0,0,0
Robin Koch,5,Leeds-United,Defender,Germany,24,2,1,1,0,0,0,3
Oliver Casey,49,Leeds-United,Defender,England,19,0,0,0,0,0,0,0
Charlie Cresswell,35,Leeds-United,Defender,England,17,0,0,0,0,0,0,0
Robbie Gotts,36,Leeds-United,Defender,England,20,0,0,0,0,0,0,0
Adam Forshaw,4,Leeds-United,Midfielder,England,28,35,6,16,0,4,0,33
Ezgjan Alioski,10,Leeds-United,Midfielder,,,1,1,0,0,0,0,1
Stuart Dallas,15,Leeds-United,Midfielder,Northern Ireland,29,2,1,1,0,0,0,0
Pablo HernÃ¡ndez,19,Leeds-United,Midfielder,Spain,35,58,15,26,5,5,0,29
Kalvin Phillips,23,Leeds-United,Midfielder,England,24,2,1,1,0,0,0,0
Mateusz Klich,43,Leeds-United,Midfielder,Poland,30,2,1,1,2,1,0,5
Jamie Shackleton,46,Leeds-United,Midfielder,England,20,1,0,1,0,0,0,0
Jack Harrison,22,Leeds-United,Midfielder,England,23,2,1,1,1,0,0,1
Alfie McCalmont,38,Leeds-United,Midfielder,Northern Ireland,20,0,0,0,0,0,0,0
Mateusz Bogusz,44,Leeds-United,Midfielder,Poland,19,0,0,0,0,0,0,0
Ian Poveda-Ocampo,7,Leeds-United,Forward,England,20,0,0,0,0,0,0,0
Patrick Bamford,9,Leeds-United,Forward,England,27,29,4,20,3,1,0,23
Tyler Roberts,11,Leeds-United,Forward,Wales,21,3,1,1,0,1,0,3
Joe Gelhardt,30,Leeds-United,Forward,England,18,0,0,0,0,0,0,0
Rodrigo Moreno,20,Leeds-United,Forward,Spain,29,19,4,12,1,0,0,9
Kasper Schmeichel,1,Leicester-City,Goalkeeper,Denmark,33,211,91,69,0,11,0,0
Danny Ward,12,Leicester-City,Goalkeeper,Wales,27,2,1,1,0,0,0,0
Eldin Jakupovic,35,Leicester-City,Goalkeeper,Switzerland,35,28,9,13,0,0,0,0
James Justin,2,Leicester-City,Defender,England,22,15,8,4,1,2,0,11
Ã‡aglar SÃ¶yÃ¼ncÃ¼,4,Leicester-City,Defender,Turkey,24,42,20,11,1,5,1,39
Wes Morgan,5,Leicester-City,Defender,Jamaica,36,168,70,60,8,12,3,129
Jonny Evans,6,Leicester-City,Defender,Northern Ireland,32,297,145,86,11,44,3,239
Filip Benkovic,16,Leicester-City,Defender,Croatia,23,0,0,0,0,0,0,0
Daniel Amartey,18,Leicester-City,Defender,Ghana,25,46,17,19,1,5,1,41
Ricardo Pereira,21,Leicester-City,Defender,Portugal,26,63,29,24,5,8,0,86
Christian Fuchs,28,Leicester-City,Defender,Austria,34,107,48,32,2,15,0,79
Luke Thomas,33,Leicester-City,Defender,England,19,3,1,2,0,0,0,1
Timothy Castagne,27,Leicester-City,Defender,Belgium,24,2,2,0,1,0,0,1
Demarai Gray,7,Leicester-City,Midfielder,England,24,132,53,50,10,7,0,36
Youri Tielemans,8,Leicester-City,Midfielder,Belgium,23,52,25,17,6,4,0,43
James Maddison,10,Leicester-City,Midfielder,England,23,69,31,25,13,7,1,62
Marc Albrighton,11,Leicester-City,Midfielder,England,30,258,91,94,17,32,1,167
Harvey Barnes,15,Leicester-City,Midfielder,England,22,57,26,21,8,0,0,30
Hamza Choudhury,20,Leicester-City,Midfielder,England,22,37,16,13,1,3,1,24
Matty James,22,Leicester-City,Midfielder,England,29,42,12,21,0,4,1,34
Adrien Silva,23,Leicester-City,Midfielder,Portugal,31,14,4,7,0,3,0,9
Wilfred Ndidi,25,Leicester-City,Midfielder,Nigeria,23,122,52,44,6,20,2,189
Dennis Praet,26,Leicester-City,Midfielder,Belgium,26,29,13,11,2,2,0,20
Rachid Ghezzal,31,Leicester-City,Midfielder,Algeria,28,19,5,12,1,3,0,13
Nampalys Mendy,24,Leicester-City,Midfielder,France,28,44,20,16,0,7,0,34
Cengiz Ãœnder,,Leicester-City,Midfielder,Turkey,23,0,0,0,0,0,0,0
Jamie Vardy,9,Leicester-City,Forward,England,33,213,86,77,105,20,3,179
Islam Slimani,13,Leicester-City,Forward,Algeria,32,39,14,18,8,2,0,30
Kelechi Iheanacho,14,Leicester-City,Forward,Nigeria,23,117,42,45,21,6,0,80
Ayoze PÃ©rez,17,Leicester-City,Forward,Spain,27,178,58,79,41,9,0,182
Fousseni DiabatÃ©,27,Leicester-City,Forward,Mali,24,15,3,7,0,1,0,1
Loris Karius,22,Liverpool,Goalkeeper,Germany,27,29,17,4,0,1,0,2
Alisson,1,Liverpool,Goalkeeper,Brazil,27,69,55,4,0,1,1,1
AdriÃ¡n,13,Liverpool,Goalkeeper,Spain,33,136,56,44,0,10,2,5
Caoimhin Kelleher,62,Liverpool,Goalkeeper,Ireland,21,0,0,0,0,0,0,0
Kamil Grabara,73,Liverpool,Goalkeeper,Poland,21,0,0,0,0,0,0,0
Virgil van Dijk,4,Liverpool,Defender,Netherlands,29,159,98,30,14,8,1,88
Joseph Gomez,12,Liverpool,Defender,England,23,73,52,6,0,15,0,58
Andrew Robertson,26,Liverpool,Defender,Scotland,26,153,86,36,4,20,0,80
Joel Matip,32,Liverpool,Defender,Cameroon,29,86,58,7,4,9,0,52
Trent Alexander-Arnold,66,Liverpool,Defender,England,21,95,74,8,6,11,0,50
Neco Williams,76,Liverpool,Defender,Wales,19,6,4,1,0,1,0,5
Konstantinos Tsimikas,21,Liverpool,Defender,Greece,24,0,0,0,0,0,0,0
Nathaniel Phillips,47,Liverpool,Defender,England,23,0,0,0,0,0,0,0
Sepp van den Berg,72,Liverpool,Defender,Netherlands,18,0,0,0,0,0,0,0
Fabinho,3,Liverpool,Midfielder,Brazil,26,58,46,4,3,12,0,63
Georginio Wijnaldum,5,Liverpool,Midfielder,Netherlands,29,181,111,32,25,7,0,84
James Milner,7,Liverpool,Midfielder,England,34,539,272,133,55,65,3,438
Naby Keita,8,Liverpool,Midfielder,Guinea,25,45,36,2,4,1,0,35
Jordan Henderson,14,Liverpool,Midfielder,England,30,342,185,79,30,34,2,299
Alex Oxlade-Chamberlain,15,Liverpool,Midfielder,England,27,196,114,41,16,10,0,104
Marko Grujic,16,Liverpool,Midfielder,Serbia,24,8,4,3,0,1,0,2
Curtis Jones,17,Liverpool,Midfielder,England,19,7,6,0,1,0,0,4
Harry Wilson,59,Liverpool,Midfielder,Wales,23,31,7,19,7,2,0,12
Harvey Elliott,67,Liverpool,Midfielder,England,17,4,2,2,0,0,0,0
Xherdan Shaqiri,23,Liverpool,Midfielder,Switzerland,28,115,49,37,22,12,0,79
Thiago,6,Liverpool,Midfielder,Spain,29,1,1,0,0,0,0,3
Roberto Firmino,9,Liverpool,Forward,Brazil,28,177,115,23,57,8,0,206
Sadio ManÃ©,10,Liverpool,Forward,Senegal,28,196,121,35,86,21,3,215
Mohamed Salah,11,Liverpool,Forward,Egypt,28,123,90,12,78,4,0,63
Takumi Minamino,18,Liverpool,Forward,Japan,25,11,7,3,0,0,0,7
Rhian Brewster,24,Liverpool,Forward,England,20,0,0,0,0,0,0,0
Divock Origi,27,Liverpool,Forward,Belgium,25,91,57,14,19,1,0,47
Ben Woodburn,58,Liverpool,Forward,Wales,20,6,5,1,0,0,0,2
Diogo Jota,20,Liverpool,Forward,Portugal,23,67,27,19,16,15,0,84
Ederson,31,Manchester-City,Goalkeeper,Brazil,27,110,87,14,0,6,1,4
Scott Carson,33,Manchester-City,Goalkeeper,England,35,145,44,66,0,6,1,4
Zack Steffen,,Manchester-City,Goalkeeper,United States,25,0,0,0,0,0,0,0
Nathan AkÃ©,6,Manchester-City,Defender,Netherlands,25,147,52,67,12,15,1,97
Kyle Walker,2,Manchester-City,Defender,England,30,293,183,50,7,45,1,239
John Stones,5,Manchester-City,Defender,England,26,163,90,39,1,7,0,45
Oleksandr Zinchenko,11,Manchester-City,Defender,Ukraine,23,41,34,6,0,2,1,35
Aymeric Laporte,14,Manchester-City,Defender,France,26,59,50,6,4,5,0,40
Benjamin Mendy,22,Manchester-City,Defender,France,26,37,29,3,0,7,0,32
JoÃ£o Cancelo,27,Manchester-City,Defender,Portugal,26,17,12,4,0,4,0,17
NicolÃ¡s Otamendi,30,Manchester-City,Defender,Argentina,32,136,94,22,8,31,0,118
Eric GarcÃ­a,50,Manchester-City,Defender,Spain,19,13,11,2,0,1,0,9
Patrick Roberts,,Manchester-City,Midfielder,England,23,6,0,6,0,1,0,2
Ilkay GÃ¼ndogan,8,Manchester-City,Midfielder,Germany,29,102,75,17,15,13,0,45
Rodrigo,16,Manchester-City,Midfielder,Spain,24,36,25,8,3,9,0,45
Kevin De Bruyne,17,Manchester-City,Midfielder,Belgium,29,156,109,22,37,14,0,122
Bernardo Silva,20,Manchester-City,Midfielder,Portugal,26,105,81,15,19,8,0,63
Fernandinho,25,Manchester-City,Midfielder,Brazil,35,225,156,36,18,46,4,324
Phil Foden,47,Manchester-City,Midfielder,England,20,42,38,3,7,0,0,17
Tommy Doyle,69,Manchester-City,Midfielder,England,18,1,1,0,0,0,0,0
AdriÃ¡n BernabÃ©,82,Manchester-City,Midfielder,Spain,19,0,0,0,0,0,0,0
Ferran Torres,21,Manchester-City,Forward,Spain,20,1,1,0,0,0,0,0
Raheem Sterling,7,Manchester-City,Forward,England,25,260,161,55,86,28,1,297
Gabriel Jesus,9,Manchester-City,Forward,Brazil,23,103,80,12,42,13,0,79
Sergio AgÃ¼ero,10,Manchester-City,Forward,Argentina,32,263,177,44,180,23,1,167
Riyad Mahrez,26,Manchester-City,Forward,Algeria,29,199,98,58,57,7,0,117
Liam Delap,48,Manchester-City,Forward,England,17,0,0,0,0,0,0,0
David de Gea,1,Manchester-United,Goalkeeper,Spain,29,314,174,66,0,6,0,1
Lee Grant,,Manchester-United,Goalkeeper,England,37,31,10,12,0,1,0,0
Sergio Romero,22,Manchester-United,Goalkeeper,Argentina,33,7,4,1,0,0,0,0
Dean Henderson,26,Manchester-United,Goalkeeper,England,23,36,14,11,0,2,0,0
Victor LindelÃ¶f,2,Manchester-United,Defender,Sweden,26,83,41,19,2,8,0,53
Eric Bailly,3,Manchester-United,Defender,Cote D'Ivoire,26,54,35,7,1,6,1,45
Phil Jones,4,Manchester-United,Defender,England,28,200,104,44,2,27,0,155
Harry Maguire,5,Manchester-United,Defender,England,27,140,50,58,8,26,1,117
Chris Smalling,12,Manchester-United,Defender,England,30,219,122,56,12,18,1,192
Marcos Rojo,16,Manchester-United,Defender,Argentina,30,76,45,10,1,23,0,81
Diogo Dalot,20,Manchester-United,Defender,Portugal,21,20,9,7,0,3,0,13
Luke Shaw,23,Manchester-United,Defender,England,25,157,68,39,1,29,1,138
Timothy Fosu-Mensah,24,Manchester-United,Defender,Netherlands,22,49,17,23,0,8,0,36
Aaron Wan-Bissaka,29,Manchester-United,Defender,England,22,77,32,26,0,13,1,46
Axel Tuanzebe,38,Manchester-United,Defender,England,22,10,4,3,0,0,0,9
Brandon Williams,33,Manchester-United,Defender,England,20,17,8,3,1,6,0,13
Teden Mengi,71,Manchester-United,Defender,England,18,0,0,0,0,0,0,0
Paul Pogba,6,Manchester-United,Midfielder,France,27,112,63,18,25,19,1,190
Juan Mata,8,Manchester-United,Midfielder,Spain,32,262,136,61,51,19,1,134
Jesse Lingard,14,Manchester-United,Midfielder,England,27,133,68,31,18,15,0,140
Andreas Pereira,15,Manchester-United,Midfielder,Brazil,24,45,21,13,2,10,0,42
Fred,17,Manchester-United,Midfielder,Brazil,27,46,22,14,1,10,0,67
Bruno Fernandes,18,Manchester-United,Midfielder,Portugal,26,15,9,1,8,2,0,10
Daniel James,21,Manchester-United,Midfielder,Wales,22,34,15,9,3,4,0,14
Nemanja Matic,31,Manchester-United,Midfielder,Serbia,32,208,127,36,6,36,3,234
Scott McTominay,39,Manchester-United,Midfielder,Scotland,23,59,33,13,6,6,0,59
Donny van de Beek,34,Manchester-United,Midfielder,Netherlands,23,1,0,1,1,0,0,0
Anthony Martial,9,Manchester-United,Forward,France,24,146,73,37,51,8,0,125
Marcus Rashford,10,Manchester-United,Forward,England,22,143,76,28,44,12,1,90
Odion Ighalo,25,Manchester-United,Forward,Nigeria,31,67,23,27,16,5,0,65
Mason Greenwood,11,Manchester-United,Forward,England,18,35,14,10,10,0,0,12
Mark Gillespie,29,Newcastle-United,Goalkeeper,England,28,0,0,0,0,0,0,0
Martin Dubravka,1,Newcastle-United,Goalkeeper,Slovakia,31,88,29,38,0,1,0,0
Karl Darlow,26,Newcastle-United,Goalkeeper,England,29,21,5,8,0,0,0,0
Daniel Langley,41,Newcastle-United,Goalkeeper,England,19,0,0,0,0,0,0,0
Ciaran Clark,2,Newcastle-United,Defender,Ireland,30,179,45,85,14,47,2,171
Paul Dummett,3,Newcastle-United,Defender,Wales,28,128,42,56,2,12,1,58
Fabian SchÃ¤r,5,Newcastle-United,Defender,Switzerland,28,46,17,21,6,17,0,57
Jamaal Lascelles,6,Newcastle-United,Defender,England,26,109,34,48,6,16,1,69
Emil Krafth,17,Newcastle-United,Defender,Sweden,26,17,5,8,0,0,0,4
Federico FernÃ¡ndez,18,Newcastle-United,Defender,Argentina,31,170,55,72,4,25,0,135
Javier Manquillo,19,Newcastle-United,Defender,Spain,26,92,25,45,1,15,0,72
DeAndre Yedlin,22,Newcastle-United,Defender,United States,27,103,29,48,2,16,1,102
Jamal Lewis,15,Newcastle-United,Defender,Northern Ireland,22,30,4,24,1,5,0,16
Jacob Murphy,23,Newcastle-United,Midfielder,England,25,34,6,22,1,0,0,12
Jonjo Shelvey,8,Newcastle-United,Midfielder,England,28,215,77,86,20,33,4,178
Matt Ritchie,11,Newcastle-United,Midfielder,Scotland,31,128,38,58,11,24,0,159
Isaac Hayden,14,Newcastle-United,Midfielder,England,25,82,31,31,3,15,2,92
Miguel AlmirÃ³n,24,Newcastle-United,Midfielder,Paraguay,26,48,17,18,4,5,0,37
Christian Atsu,30,Newcastle-United,Midfielder,Ghana,28,80,25,32,3,5,0,34
Sean Longstaff,36,Newcastle-United,Midfielder,England,22,33,12,15,2,4,1,24
Matthew Longstaff,4,Newcastle-United,Midfielder,England,20,9,2,4,2,1,0,6
Jeff Hendrick,16,Newcastle-United,Midfielder,Ireland,28,124,41,55,10,19,1,97
Ryan Fraser,21,Newcastle-United,Midfielder,Scotland,26,121,34,59,16,7,0,40
Henri Saivet,28,Newcastle-United,Midfielder,Senegal,29,5,3,2,1,0,0,1
Daniel Barlaser,32,Newcastle-United,Midfielder,England,23,0,0,0,0,0,0,0
Andy Carroll,7,Newcastle-United,Forward,England,31,232,81,92,53,33,2,321
Joelinton,9,Newcastle-United,Forward,Brazil,24,40,12,17,2,7,0,32
Allan Saint-Maximin,10,Newcastle-United,Forward,France,23,28,11,9,3,0,0,19
Dwight Gayle,12,Newcastle-United,Forward,England,29,119,28,64,25,8,1,77
Callum Wilson,13,Newcastle-United,Forward,England,28,128,39,60,42,13,0,177
Wes Foderingham,18,Sheffield-United,Goalkeeper,England,29,0,0,0,0,0,0,0
Michael Verrips,21,Sheffield-United,Goalkeeper,Netherlands,23,0,0,0,0,0,0,0
Simon Moore,25,Sheffield-United,Goalkeeper,England,30,2,0,1,0,0,0,0
Aaron Ramsdale,1,Sheffield-United,Goalkeeper,England,22,39,9,23,0,0,0,0
George Baldock,2,Sheffield-United,Defender,England,27,40,14,14,2,7,0,52
Enda Stevens,3,Sheffield-United,Defender,Ireland,30,47,16,17,2,8,0,46
Jack O'Connell,5,Sheffield-United,Defender,England,26,35,13,11,0,4,0,22
Chris Basham,6,Sheffield-United,Defender,England,32,61,20,24,1,5,0,39
John Egan,12,Sheffield-United,Defender,Ireland,27,38,14,13,2,4,2,37
Jack Robinson,19,Sheffield-United,Defender,England,27,9,2,3,0,1,0,5
Kean Bryan,29,Sheffield-United,Defender,England,23,0,0,0,0,0,0,0
Phil Jagielka,15,Sheffield-United,Defender,England,38,366,147,111,18,23,2,159
Max Lowe,13,Sheffield-United,Defender,England,23,0,0,0,0,0,0,0
Ethan Ampadu,22,Sheffield-United,Defender,Wales,20,2,1,1,0,0,0,0
Jayden Bogle,20,Sheffield-United,Defender,England,20,0,0,0,0,0,0,0
John Fleck,4,Sheffield-United,Midfielder,Scotland,29,32,10,13,5,8,0,27
John Lundstram,7,Sheffield-United,Midfielder,England,26,36,12,13,5,6,0,30
Oliver Norwood,16,Sheffield-United,Midfielder,Northern Ireland,29,39,14,13,1,8,0,32
Ben Osborn,23,Sheffield-United,Midfielder,England,26,14,8,3,0,0,0,9
Sander Berge,8,Sheffield-United,Midfielder,Norway,22,16,6,7,1,0,0,19
Jack Rodwell,26,Sheffield-United,Midfielder,England,29,167,50,64,10,26,1,135
Regan Slater,28,Sheffield-United,Midfielder,England,21,0,0,0,0,0,0,0
Oliver Burke,14,Sheffield-United,Midfielder,Scotland,23,16,0,13,0,0,0,5
Zak Brunt,42,Sheffield-United,Midfielder,England,18,0,0,0,0,0,0,0
Oliver McBurnie,9,Sheffield-United,Forward,Scotland,24,54,17,25,6,5,0,35
Billy Sharp,10,Sheffield-United,Forward,England,34,28,7,13,3,1,1,20
David McGoldrick,17,Sheffield-United,Forward,Ireland,32,30,10,10,2,2,0,33
Lys Mousset,11,Sheffield-United,Forward,France,24,88,31,38,9,3,0,48
Alex McCarthy,1,Southampton,Goalkeeper,England,30,96,26,43,0,3,0,1
Angus Gunn,28,Southampton,Goalkeeper,England,24,22,6,10,0,0,0,0
Fraser Forster,44,Southampton,Goalkeeper,England,32,107,44,38,0,4,0,0
Harry Lewis,41,Southampton,Goalkeeper,England,22,0,0,0,0,0,0,0
Jannik Vestergaard,4,Southampton,Defender,Denmark,28,43,14,20,1,5,0,27
Jack Stephens,5,Southampton,Defender,England,26,93,25,40,4,16,2,55
Ryan Bertrand,3,Southampton,Defender,England,31,231,83,95,7,31,2,211
Jake Vokins,29,Southampton,Defender,England,20,1,0,0,0,0,0,0
Jan Bednarek,35,Southampton,Defender,Poland,24,66,22,29,2,12,0,58
Yan Valery,18,Southampton,Defender,France,21,34,11,15,2,4,1,34
Kyle Walker-Peters,2,Southampton,Defender,England,23,24,13,6,0,3,0,14
Mohammed Salisu,22,Southampton,Defender,Ghana,21,0,0,0,0,0,0,0
Moussa Djenepo,12,Southampton,Midfielder,Mali,22,20,7,11,2,4,1,26
Oriol Romeu,6,Southampton,Midfielder,Spain,29,183,66,67,4,49,0,253
James Ward-Prowse,8,Southampton,Midfielder,England,25,233,80,89,22,28,1,193
Stuart Armstrong,17,Southampton,Midfielder,Scotland,28,60,19,26,8,6,0,47
Sofiane Boufal,19,Southampton,Midfielder,Morocco,27,70,12,35,3,8,0,77
Nathan Redmond,11,Southampton,Midfielder,England,26,208,53,99,25,12,1,155
William Smallbone,20,Southampton,Midfielder,Ireland,20,11,5,3,0,0,0,4
Nathan Tella,23,Southampton,Midfielder,England,21,2,1,1,0,0,0,0
Shane Long,7,Southampton,Forward,Ireland,33,322,110,143,55,28,0,395
Danny Ings,9,Southampton,Forward,England,28,113,32,47,45,11,0,91
Che Adams,10,Southampton,Forward,England,24,32,13,14,4,1,0,20
Michael Obafemi,14,Southampton,Forward,Ireland,20,28,10,12,4,2,0,13
Hugo Lloris,1,Tottenham-Hotspur,Goalkeeper,France,33,262,153,56,0,3,0,3
Paulo Gazzaniga,22,Tottenham-Hotspur,Goalkeeper,Argentina,28,43,13,20,0,1,0,1
Joe Hart,12,Tottenham-Hotspur,Goalkeeper,England,33,340,169,97,0,7,0,6
Alfie Whiteman,41,Tottenham-Hotspur,Goalkeeper,England,21,0,0,0,0,0,0,0
Brandon Austin,40,Tottenham-Hotspur,Goalkeeper,England,21,0,0,0,0,0,0,0
Toby Alderweireld,4,Tottenham-Hotspur,Defender,Belgium,31,176,98,42,8,20,0,68
Davinson SÃ¡nchez,6,Tottenham-Hotspur,Defender,Colombia,24,84,46,21,1,9,1,73
Juan Foyth,21,Tottenham-Hotspur,Defender,Argentina,22,16,8,5,1,4,1,18
Serge Aurier,24,Tottenham-Hotspur,Defender,Cote D'Ivoire,27,58,32,13,3,4,2,79
Ben Davies,33,Tottenham-Hotspur,Defender,Wales,27,201,96,59,6,26,0,162
Japhet Tanganga,25,Tottenham-Hotspur,Defender,England,21,6,1,3,0,1,0,8
Matt Doherty,2,Tottenham-Hotspur,Defender,Ireland,28,77,32,22,8,7,0,63
Dennis Cirkin,49,Tottenham-Hotspur,Defender,England,18,0,0,0,0,0,0,0
Cameron Carter-Vickers,,Tottenham-Hotspur,Defender,United States,22,0,0,0,0,0,0,0
Sergio ReguilÃ³n,3,Tottenham-Hotspur,Defender,Spain,23,0,0,0,0,0,0,0
Harry Winks,8,Tottenham-Hotspur,Midfielder,England,24,96,58,23,2,14,0,59
Erik Lamela,11,Tottenham-Hotspur,Midfielder,Argentina,28,155,81,36,16,26,0,213
Eric Dier,15,Tottenham-Hotspur,Midfielder,England,26,176,102,36,10,33,0,164
Moussa Sissoko,17,Tottenham-Hotspur,Midfielder,France,31,235,110,83,14,36,2,276
Ryan Sessegnon,19,Tottenham-Hotspur,Midfielder,England,20,41,10,25,2,0,0,24
Dele Alli,20,Tottenham-Hotspur,Midfielder,England,24,157,90,34,50,24,0,178
Tanguy Ndombele,28,Tottenham-Hotspur,Midfielder,France,23,23,6,10,2,4,0,15
Gedson Fernandes,30,Tottenham-Hotspur,Midfielder,Portugal,21,7,3,1,0,0,0,0
Pierre-Emile HÃ¸jbjerg,5,Tottenham-Hotspur,Midfielder,Denmark,25,111,34,49,4,21,2,149
Harvey White,48,Tottenham-Hotspur,Midfielder,England,19,0,0,0,0,0,0,0
Giovani Lo Celso,18,Tottenham-Hotspur,Midfielder,Argentina,24,29,11,8,0,7,0,30
Lucas Moura,27,Tottenham-Hotspur,Forward,Brazil,28,75,38,26,14,6,0,62
Jack Clarke,47,Tottenham-Hotspur,Forward,England,19,0,0,0,0,0,0,0
Son Heung-Min,7,Tottenham-Hotspur,Forward,South Korea,28,162,95,36,57,4,2,65
Harry Kane,10,Tottenham-Hotspur,Forward,England,27,212,120,48,144,26,0,208
Steven Bergwijn,23,Tottenham-Hotspur,Forward,Netherlands,22,16,8,4,3,2,0,9
Gareth Bale,9,Tottenham-Hotspur,Forward,Wales,31,146,62,41,42,15,1,86
Sam Johnstone,1,West-Bromwich-Albion,Goalkeeper,England,27,2,0,2,0,0,0,0
David Button,25,West-Bromwich-Albion,Goalkeeper,England,31,4,1,2,0,0,0,0
Jonathan Bond,23,West-Bromwich-Albion,Goalkeeper,England,27,0,0,0,0,0,0,0
Darnell Furlong,2,West-Bromwich-Albion,Defender,England,24,5,0,5,0,1,0,5
Kieran Gibbs,3,West-Bromwich-Albion,Defender,England,30,172,88,40,2,17,2,112
Kyle Bartley,5,West-Bromwich-Albion,Defender,England,29,23,6,11,0,6,0,22
Semi Ajayi,6,West-Bromwich-Albion,Defender,Nigeria,26,2,0,2,0,1,0,2
Conor Townsend,14,West-Bromwich-Albion,Defender,England,27,0,0,0,0,0,0,0
Ahmed Hegazi,26,West-Bromwich-Albion,Defender,Egypt,29,38,6,19,2,4,0,24
Dara O'Shea,27,West-Bromwich-Albion,Defender,Ireland,21,2,0,2,0,0,0,2
CÃ©dric KiprÃ©,24,West-Bromwich-Albion,Defender,Cote D'Ivoire,23,0,0,0,0,0,0,0
Lee Peltier,22,West-Bromwich-Albion,Defender,England,33,20,7,12,0,4,0,15
Branislav Ivanovic,20,West-Bromwich-Albion,Defender,Serbia,36,261,152,50,22,55,2,293
Jake Livermore,8,West-Bromwich-Albion,Midfielder,England,30,180,52,87,7,30,1,199
Matt Phillips,10,West-Bromwich-Albion,Midfielder,Scotland,29,110,28,55,10,6,0,57
Kamil Grosicki,13,West-Bromwich-Albion,Midfielder,Poland,32,15,4,7,0,1,0,12
Rekeem Harper,16,West-Bromwich-Albion,Midfielder,England,20,2,1,1,0,0,0,1
Romaine Sawyers,19,West-Bromwich-Albion,Midfielder,Saint Kitts And Nevis,28,2,0,2,0,0,0,1
Sam Field,28,West-Bromwich-Albion,Midfielder,England,22,20,5,9,1,5,0,16
Kyle Edwards,21,West-Bromwich-Albion,Midfielder,England,22,2,0,2,0,0,0,0
Grady Diangana,11,West-Bromwich-Albion,Midfielder,England,22,19,7,10,1,0,0,4
Conor Gallagher,18,West-Bromwich-Albion,Midfielder,England,20,0,0,0,0,0,0,0
Hal Robson-Kanu,4,West-Bromwich-Albion,Forward,Wales,31,76,16,39,12,5,1,76
Kenneth Zohore,9,West-Bromwich-Albion,Forward,Denmark,26,19,4,13,1,1,0,13
Matheus Pereira,12,West-Bromwich-Albion,Forward,Brazil,24,2,0,2,1,0,0,3
Charlie Austin,15,West-Bromwich-Albion,Forward,England,31,106,25,55,34,8,1,83
Callum Robinson,7,West-Bromwich-Albion,Forward,Ireland,25,22,3,10,1,1,0,13
Jamie Soule,32,West-Bromwich-Albion,Forward,England,19,0,0,0,0,0,0,0
Lukasz Fabianski,1,West-Ham-United,Goalkeeper,Poland,35,246,91,104,0,4,1,6
David Martin,25,West-Ham-United,Goalkeeper,England,34,5,2,3,0,1,0,0
Darren Randolph,35,West-Ham-United,Goalkeeper,Ireland,33,31,10,14,0,1,0,0
Nathan Trott,34,West-Ham-United,Goalkeeper,England,21,0,0,0,0,0,0,0
Aaron Cresswell,3,West-Ham-United,Defender,England,30,190,61,75,8,23,1,88
FabiÃ¡n Balbuena,4,West-Ham-United,Defender,Paraguay,29,40,15,19,2,4,0,25
GonÃ§alo Cardoso,29,West-Ham-United,Defender,Portugal,19,0,0,0,0,0,0,0
Angelo Ogbonna,21,West-Ham-United,Defender,Italy,32,137,47,53,4,16,0,88
Issa Diop,23,West-Ham-United,Defender,France,23,67,23,29,4,12,0,49
Ryan Fredericks,24,West-Ham-United,Defender,England,27,44,13,22,1,14,0,38
Arthur Masuaku,26,West-Ham-United,Defender,The Democratic Republic Of Congo,26,81,26,33,0,12,1,72
Ben Johnson,31,West-Ham-United,Defender,England,20,4,1,1,0,0,0,8
Ajibola Alese,42,West-Ham-United,Defender,England,19,0,0,0,0,0,0,0
Harrison Ashby,50,West-Ham-United,Defender,Scotland,18,0,0,0,0,0,0,0
Felipe Anderson,8,West-Ham-United,Midfielder,Brazil,27,63,20,32,10,4,0,44
Manuel Lanzini,10,West-Ham-United,Midfielder,Argentina,27,122,39,49,20,19,0,50
Robert Snodgrass,11,West-Ham-United,Midfielder,Scotland,33,160,43,78,26,30,0,199
Mark Noble,16,West-Ham-United,Midfielder,England,33,383,130,158,46,81,5,380
Pablo Fornals,18,West-Ham-United,Midfielder,Spain,24,38,10,19,2,3,0,19
Jack Wilshere,19,West-Ham-United,Midfielder,England,28,182,87,52,8,36,2,169
Declan Rice,41,West-Ham-United,Midfielder,England,21,101,33,44,3,11,0,64
Josh Cullen,33,West-Ham-United,Midfielder,Ireland,24,3,2,0,0,0,0,0
Conor Coventry,54,West-Ham-United,Midfielder,Ireland,20,0,0,0,0,0,0,0
Michail Antonio,30,West-Ham-United,Forward,England,30,135,46,56,37,14,1,153
Andriy Yarmolenko,7,West-Ham-United,Forward,Ukraine,30,34,10,16,7,5,0,25
Jarrod Bowen,20,West-Ham-United,Forward,England,23,22,4,15,1,0,0,8
SÃ©bastien Haller,22,West-Ham-United,Forward,France,26,34,9,18,7,1,0,49
Xande Silva,32,West-Ham-United,Forward,Portugal,23,1,0,1,0,0,0,0
Emmanuel Longelo,56,West-Ham-United,Forward,England,19,0,0,0,0,0,0,0
Rui PatrÃ­cio,11,Wolverhampton-Wanderers,Goalkeeper,Portugal,32,77,31,23,0,0,0,0
John Ruddy,21,Wolverhampton-Wanderers,Goalkeeper,England,33,119,33,54,0,3,1,1
Willy Boly,15,Wolverhampton-Wanderers,Defender,France,29,60,24,18,4,3,2,55
Conor Coady,16,Wolverhampton-Wanderers,Defender,England,27,79,33,23,0,10,0,28
Jonny,19,Wolverhampton-Wanderers,Defender,Spain,26,68,27,19,3,10,0,57
RÃºben Vinagre,29,Wolverhampton-Wanderers,Defender,Portugal,21,34,14,10,0,2,0,19
Maximilian Kilman,49,Wolverhampton-Wanderers,Defender,England,23,4,2,1,0,0,0,2
Oskar Buur,59,Wolverhampton-Wanderers,Defender,Denmark,22,1,1,0,0,0,0,0
MarÃ§al,5,Wolverhampton-Wanderers,Defender,Brazil,31,2,1,1,0,1,0,1
Ki-Jana Hoever,2,Wolverhampton-Wanderers,Defender,Netherlands,18,0,0,0,0,0,0,0
RÃºben Neves,8,Wolverhampton-Wanderers,Midfielder,Portugal,23,75,30,23,6,17,0,66
Daniel Podence,10,Wolverhampton-Wanderers,Midfielder,Portugal,24,11,5,2,1,0,0,6
Romain SaÃ¯ss,27,Wolverhampton-Wanderers,Midfielder,Morocco,30,54,24,16,5,17,1,72
JoÃ£o Moutinho,28,Wolverhampton-Wanderers,Midfielder,Portugal,34,78,32,23,2,11,0,95
Leander Dendoncker,32,Wolverhampton-Wanderers,Midfielder,Belgium,25,59,26,15,6,6,0,43
Vitinha,20,Wolverhampton-Wanderers,Midfielder,Portugal,20,1,1,0,0,0,0,0
Meritan Shabani,57,Wolverhampton-Wanderers,Midfielder,Germany,21,0,0,0,0,0,0,0
Pedro Neto,7,Wolverhampton-Wanderers,Forward,Portugal,20,31,14,7,3,3,0,16
RaÃºl JimÃ©nez,9,Wolverhampton-Wanderers,Forward,Mexico,29,78,32,23,32,7,0,81
Adama TraorÃ©,37,Wolverhampton-Wanderers,Forward,Spain,24,105,27,47,5,4,0,80
FÃ¡bio Silva,17,Wolverhampton-Wanderers,Forward,Portugal,18,1,0,1,0,0,0,0
Leonardo Campana,30,Wolverhampton-Wanderers,Forward,Ecuador,20,0,0,0,0,0,0,0
